{"cameraMode":{"drawMode":0,"name":"Shaded","section":"Shading Mode"},"sceneLighting":true,"audioPlay":false,"sceneViewState":{"showFog":true,"showMaterialUpdate":false,"showSkybox":true,"showFlares":true,"showImageEffects":true,"showParticleSystems":true},"in2DMode":false,"pivot":{"x":0.5341891050338745,"y":-5.744530200958252,"z":-15.662171363830567},"rotation":{"x":-0.0020840801298618318,"y":-0.9818685054779053,"z":0.18934229016304017,"w":-0.010892808437347412},"size":10.0,"orthographic":false}